Strike,Expiry,Implied_Volatility
80.8233797718321,0.11705761617467587,0.31936117500947603
81.79704680554102,0.11705761617467587,0.27870819598496155
82.77071383924992,0.11705761617467587,0.25341689465739137
83.74438087295884,0.11705761617467587,0.25578446936305
84.71804790666775,0.11705761617467587,0.25878454646743876
85.69171494037667,0.11705761617467587,0.25437758808598687
86.66538197408559,0.11705761617467587,0.2873169691514761
87.6390490077945,0.11705761617467587,0.3273130779094515
88.61271604150342,0.11705761617467587,0.3112894035717346
89.58638307521232,0.11705761617467587,0.28770791823610864
90.56005010892125,0.11705761617467587,0.2821614630414615
91.53371714263017,0.11705761617467587,0.29505140999911816
92.50738417633907,0.11705761617467587,0.30909367743783633
93.481051210048,0.11705761617467587,0.298539063752731
94.4547182437569,0.11705761617467587,0.27278563553958435
95.42838527746582,0.11705761617467587,0.25713189130027203
96.40205231117473,0.11705761617467587,0.26839791305378213
97.37571934488365,0.11705761617467587,0.3007702326330133
98.34938637859256,0.11705761617467587,0.3391149238885163
99.32305341230148,0.11705761617467587,0.3653040752322454
100.2967204460104,0.11705761617467587,0.37071585929410844
101.2703874797193,0.11705761617467587,0.35435798960509146
102.24405451342822,0.11705761617467587,0.3386294662124101
103.21772154713713,0.11705761617467587,0.3256195788415539
104.19138858084605,0.11705761617467587,0.3096365924031943
105.16505561455497,0.11705761617467587,0.3034613593031281
106.13872264826388,0.11705761617467587,0.31171283266650107
107.1123896819728,0.11705761617467587,0.32351686687638903
108.0860567156817,0.11705761617467587,0.3265051068141247
109.05972374939063,0.11705761617467587,0.31393325004307826
110.03339078309955,0.11705761617467587,0.2973253334725996
111.00705781680846,0.11705761617467587,0.2874774707377128
111.98072485051738,0.11705761617467587,0.2880187961068259
112.95439188422628,0.11705761617467587,0.2971443880778679
113.9280589179352,0.11705761617467587,0.3080398482845794
114.90172595164412,0.11705761617467587,0.31287884074208705
115.87539298535303,0.11705761617467587,0.30891773862322225
116.84906001906194,0.11705761617467587,0.302486943282247
117.82272705277086,0.11705761617467587,0.3009788598881187
118.79639408647978,0.11705761617467587,0.3098942423232529
80.8233797718321,0.16381742150714287,0.32749042311706944
81.79704680554102,0.16381742150714287,0.28644666757026016
82.77071383924992,0.16381742150714287,0.26052844781258955
83.74438087295884,0.16381742150714287,0.2624995758951343
84.71804790666775,0.16381742150714287,0.26434576742232707
85.69171494037667,0.16381742150714287,0.25740147918023126
86.66538197408559,0.16381742150714287,0.2893728287036197
87.6390490077945,0.16381742150714287,0.33032221920456095
88.61271604150342,0.16381742150714287,0.3132313666868498
89.58638307521232,0.16381742150714287,0.28891039238361316
90.56005010892125,0.16381742150714287,0.28337812207166735
91.53371714263017,0.16381742150714287,0.29673441116012356
92.50738417633907,0.16381742150714287,0.31140670197844145
93.481051210048,0.16381742150714287,0.3009381301213736
94.4547182437569,0.16381742150714287,0.27485897485246813
95.42838527746582,0.16381742150714287,0.2587271599929224
96.40205231117473,0.16381742150714287,0.26970059012312575
97.37571934488365,0.16381742150714287,0.3017953775206479
98.34938637859256,0.16381742150714287,0.33983578410324355
99.32305341230148,0.16381742150714287,0.3654708128334363
100.2967204460104,0.16381742150714287,0.37029895949694946
101.2703874797193,0.16381742150714287,0.3535658400466559
102.24405451342822,0.16381742150714287,0.33822871682318123
103.21772154713713,0.16381742150714287,0.3255613848709231
104.19138858084605,0.16381742150714287,0.30969424472112905
105.16505561455497,0.16381742150714287,0.30396671782597195
106.13872264826388,0.16381742150714287,0.3127831677333006
107.1123896819728,0.16381742150714287,0.32507995817059054
108.0860567156817,0.16381742150714287,0.32841033245131257
109.05972374939063,0.16381742150714287,0.3158079882043694
110.03339078309955,0.16381742150714287,0.29898345174535734
111.00705781680846,0.16381742150714287,0.288963574485706
111.98072485051738,0.16381742150714287,0.28948892190373954
112.95439188422628,0.16381742150714287,0.2987539508435475
113.9280589179352,0.16381742150714287,0.30986786912376374
114.90172595164412,0.16381742150714287,0.3149463831982757
115.87539298535303,0.16381742150714287,0.31120839152140434
116.84906001906194,0.16381742150714287,0.30500112492245535
117.82272705277086,0.16381742150714287,0.3037076670461829
118.79639408647978,0.16381742150714287,0.3128669660889045
80.8233797718321,0.2105772268396099,0.33566451231854444
81.79704680554102,0.2105772268396099,0.2942544825136224
82.77071383924992,0.2105772268396099,0.267721453952106
83.74438087295884,0.2105772268396099,0.26929316132429904
84.71804790666775,0.2105772268396099,0.2699785923760203
85.69171494037667,0.2105772268396099,0.2604181254807827
86.66538197408559,0.2105772268396099,0.2913390467959118
87.6390490077945,0.2105772268396099,0.33330682788604804
88.61271604150342,0.2105772268396099,0.31514135763272577
89.58638307521232,0.2105772268396099,0.29009015247285674
90.56005010892125,0.2105772268396099,0.2845900118689997
91.53371714263017,0.2105772268396099,0.29842109145212703
92.50738417633907,0.2105772268396099,0.313726241483522
93.481051210048,0.2105772268396099,0.30336968448118284
94.4547182437569,0.2105772268396099,0.27699229230748834
95.42838527746582,0.2105772268396099,0.26038883843141036
96.40205231117473,0.2105772268396099,0.27106464309207823
97.37571934488365,0.2105772268396099,0.3028643853591859
98.34938637859256,0.2105772268396099,0.34058410718418486
99.32305341230148,0.2105772268396099,0.36564193481584084
100.2967204460104,0.2105772268396099,0.36986070067530363
101.2703874797193,0.2105772268396099,0.3527715733133334
102.24405451342822,0.2105772268396099,0.33786870043934414
103.21772154713713,0.2105772268396099,0.3255518336146679
104.19138858084605,0.2105772268396099,0.30979721563079465
105.16505561455497,0.2105772268396099,0.304526107070501
106.13872264826388,0.2105772268396099,0.3138985710789939
107.1123896819728,0.2105772268396099,0.32667479792269205
108.0860567156817,0.2105772268396099,0.330342202337647
109.05972374939063,0.2105772268396099,0.3177131238024913
110.03339078309955,0.2105772268396099,0.30066769180155006
111.00705781680846,0.2105772268396099,0.2904694505776888
111.98072485051738,0.2105772268396099,0.2909736094125037
112.95439188422628,0.2105772268396099,0.3003725010858034
113.9280589179352,0.2105772268396099,0.3116985212172949
114.90172595164412,0.2105772268396099,0.31701419417208854
115.87539298535303,0.2105772268396099,0.31350890687804167
116.84906001906194,0.2105772268396099,0.30753504091512696
117.82272705277086,0.2105772268396099,0.3064655007776764
118.79639408647978,0.2105772268396099,0.31586541179353844
80.8233797718321,0.2573370321720769,0.34388249449148134
81.79704680554102,0.2573370321720769,0.3021315518377037
82.77071383924992,0.2573370321720769,0.2749979805877274
83.74438087295884,0.2573370321720769,0.2761653705446747
84.71804790666775,0.2573370321720769,0.2756847798901845
85.69171494037667,0.2573370321720769,0.2634312029469754
86.66538197408559,0.2573370321720769,0.29321298812860164
87.6390490077945,0.2573370321720769,0.33626190706513626
88.61271604150342,0.2573370321720769,0.3170172386340795
89.58638307521232,0.2573370321720769,0.29124766127931423
90.56005010892125,0.2573370321720769,0.2857980281706176
91.53371714263017,0.2573370321720769,0.3001122238476839
92.50738417633907,0.2573370321720769,0.3160499134609651
93.481051210048,0.2573370321720769,0.3058335597302779
94.4547182437569,0.2573370321720769,0.2791873732289414
95.42838527746582,0.2573370321720769,0.2621191134886782
96.40205231117473,0.2573370321720769,0.27249174257932296
97.37571934488365,0.2573370321720769,0.30397829122230036
98.34938637859256,0.2573370321720769,0.341360796555378
99.32305341230148,0.2573370321720769,0.36581875187086155
100.2967204460104,0.2573370321720769,0.3694011023499115
101.2703874797193,0.2573370321720769,0.3519783688317091
102.24405451342822,0.2573370321720769,0.3375532589918748
103.21772154713713,0.2573370321720769,0.32559545706345716
104.19138858084605,0.2573370321720769,0.30994980582141807
105.16505561455497,0.2573370321720769,0.30514234099479154
106.13872264826388,0.2573370321720769,0.3150601953722685
107.1123896819728,0.2573370321720769,0.32830128917441925
108.0860567156817,0.2573370321720769,0.3322996660865556
109.05972374939063,0.2573370321720769,0.3196477343291235
110.03339078309955,0.2573370321720769,0.3023779343714068
111.00705781680846,0.2573370321720769,0.29199536235887535
111.98072485051738,0.2573370321720769,0.29247326787128713
112.95439188422628,0.2573370321720769,0.3020004454726859
113.9280589179352,0.2573370321720769,0.31353203309481614
114.90172595164412,0.2573370321720769,0.31908221856133423
115.87539298535303,0.2573370321720769,0.315819325202483
116.84906001906194,0.2573370321720769,0.3100887005441564
117.82272705277086,0.2573370321720769,0.30925292417987293
118.79639408647978,0.2573370321720769,0.3188892743803535
80.8233797718321,0.3040968375045439,0.3521433851546476
81.79704680554102,0.3040968375045439,0.3100775041536963
82.77071383924992,0.3040968375045439,0.28236010906078945
83.74438087295884,0.3040968375045439,0.28311616891741664
84.71804790666775,0.3040968375045439,0.2814659670682147
85.69171494037667,0.3040968375045439,0.26644489271836846
86.66538197408559,0.3040968375045439,0.29499251315738206
87.6390490077945,0.3040968375045439,0.3391815324032734
88.61271604150342,0.3040968375045439,0.31885662813698445
89.58638307521232,0.3040968375045439,0.2923834781062027
90.56005010892125,0.3040968375045439,0.28700310583977284
91.53371714263017,0.3040968375045439,0.3018087183150868
92.50738417633907,0.3040968375045439,0.3183751311216483
93.481051210048,0.3040968375045439,0.3083295734897753
94.4547182437569,0.3040968375045439,0.28144604058356126
95.42838527746582,0.3040968375045439,0.26392020972333974
96.40205231117473,0.3040968375045439,0.27398353292243627
97.37571934488365,0.3040968375045439,0.30513811764605236
98.34938637859256,0.3040968375045439,0.34216674676717673
99.32305341230148,0.3040968375045439,0.3660027089438671
100.2967204460104,0.3040968375045439,0.36892058578908404
101.2703874797193,0.3040968375045439,0.3511899059045618
102.24405451342822,0.3040968375045439,0.3372863330505993
103.21772154713713,0.3040968375045439,0.32569711249561806
104.19138858084605,0.3040968375045439,0.31015669220909103
105.16505561455497,0.3040968375045439,0.3058182952956372
106.13872264826388,0.3040968375045439,0.3162691823922046
107.1123896819728,0.3040968375045439,0.32995931867390027
108.0860567156817,0.3040968375045439,0.3342815751989292
109.05972374939063,0.3040968375045439,0.3216105825052864
110.03339078309955,0.3040968375045439,0.3041140056060385
111.00705781680846,0.3040968375045439,0.2935415773712293
111.98072485051738,0.3040968375045439,0.29398832623053295
112.95439188422628,0.3040968375045439,0.3036382297709679
113.9280589179352,0.3040968375045439,0.31536870656054816
114.90172595164412,0.3040968375045439,0.32115060123692274
115.87539298535303,0.3040968375045439,0.31813970470625463
116.84906001906194,0.3040968375045439,0.3126620806779101
117.82272705277086,0.3040968375045439,0.31207040300023436
118.79639408647978,0.3040968375045439,0.3219381481851542
80.8233797718321,0.3508566428370109,0.3604461379389363
81.79704680554102,0.3508566428370109,0.3180916131582876
82.77071383924992,0.3508566428370109,0.28980988820450193
83.74438087295884,0.3508566428370109,0.29014533180213675
84.71804790666775,0.3508566428370109,0.28732364366149454
85.69171494037667,0.3508566428370109,0.2694639116972155
86.66538197408559,0.3508566428370109,0.29667611826454277
87.6390490077945,0.3508566428370109,0.34205900413238055
88.61271604150342,0.3508566428370109,0.32065693585145993
89.58638307521232,0.3508566428370109,0.29349826986189953
90.56005010892125,0.3508566428370109,0.28820622010194086
91.53371714263017,0.3508566428370109,0.30351155125639906
92.50738417633907,0.3508566428370109,0.32069912675502366
93.481051210048,0.3508566428370109,0.31085752975966585
94.4547182437569,0.3508566428370109,0.283770151704795
95.42838527746582,0.3508566428370109,0.2657943871358359
96.40205231117473,0.3508566428370109,0.2755416240765598
97.37571934488365,0.3508566428370109,0.30634487393563603
98.34938637859256,0.3508566428370109,0.3430028380380179
99.32305341230148,0.3508566428370109,0.3661953861324463
100.2967204460104,0.3508566428370109,0.3684201973872234
101.2703874797193,0.3508566428370109,0.350410407254401
102.24405451342822,0.3508566428370109,0.33707194287072184
103.21772154713713,0.3508566428370109,0.32586193354404713
104.19138858084605,0.3508566428370109,0.3104228947204888
105.16505561455497,0.3508566428370109,0.3065568966704859
106.13872264826388,0.3508566428370109,0.31752665897533916
107.1123896819728,0.3508566428370109,0.3316487600166056
108.0860567156817,0.3508566428370109,0.3362866833174394
109.05972374939063,0.3508566428370109,0.32360019223131076
110.03339078309955,0.3508566428370109,0.30587568180783364
111.00705781680846,0.3508566428370109,0.29510836845111044
111.98072485051738,0.3508566428370109,0.2955192334683261
112.95439188422628,0.3508566428370109,0.30528633545577577
113.9280589179352,0.3508566428370109,0.3172089159170355
114.90172595164412,0.3508566428370109,0.3232196915730583
115.87539298535303,0.3508566428370109,0.3204701212632699
116.84906001906194,0.3508566428370109,0.315255124764235
117.82272705277086,0.3508566428370109,0.3149182202969314
118.79639408647978,0.3508566428370109,0.3250115204909889
80.8233797718321,0.3976164481694779,0.36878963706277545
81.79704680554102,0.3976164481694779,0.3261727115047961
82.77071383924992,0.3976164481694779,0.29734926881616275
83.74438087295884,0.3976164481694779,0.29725243519723676
84.71804790666775,0.3976164481694779,0.2932591243160516
85.69171494037667,0.3976164481694779,0.27249354164706574
86.66538197408559,0.3976164481694779,0.2982630886209279
87.6390490077945,0.3976164481694779,0.34488713264923376
88.61271604150342,0.3976164481694779,0.3224154153292602
89.58638307521232,0.3976164481694779,0.29459282265102615
90.56005010892125,0.3976164481694779,0.2894083885673808
91.53371714263017,0.3976164481694779,0.3052215091836743
92.50738417633907,0.3976164481694779,0.32301899425603864
93.481051210048,0.3976164481694779,0.3134172201034495
94.4547182437569,0.3976164481694779,0.28616159382422257
95.42838527746582,0.3976164481694779,0.26774393829989407
96.40205231117473,0.3976164481694779,0.2771675827221891
97.37571934488365,0.3976164481694779,0.3075995558317217
98.34938637859256,0.3976164481694779,0.34386993024280343
99.32305341230148,0.3976164481694779,0.366398497644866
100.2967204460104,0.3976164481694779,0.3679018945904602
101.2703874797193,0.3976164481694779,0.3496446750626774
102.24405451342822,0.3976164481694779,0.3369141668249256
103.21772154713713,0.3976164481694779,0.3260952700848634
104.19138858084605,0.3976164481694779,0.3107537340032991
105.16505561455497,0.3976164481694779,0.3073611104100564
106.13872264826388,0.3976164481694779,0.3188337327584918
107.1123896819728,0.3976164481694779,0.3333694770864781
108.0860567156817,0.3976164481694779,0.33831364736772684
109.05972374939063,0.3976164481694779,0.32561494014112213
110.03339078309955,0.3976164481694779,0.3076626958589941
111.00705781680846,0.3976164481694779,0.29669601495686493
111.98072485051738,0.3976164481694779,0.2970664588585805
112.95439188422628,0.3976164481694779,0.3069452760655622
113.9280589179352,0.3976164481694779,0.31905310535898934
114.90172595164412,0.3976164481694779,0.325290015902965
115.87539298535303,0.3976164481694779,0.3228106681058307
116.84906001906194,0.3976164481694779,0.31786774233205506
117.82272705277086,0.3976164481694779,0.3177963665605148
118.79639408647978,0.3976164481694779,0.3281087668381133
80.8233797718321,0.44437625350194493,0.3771727577035904
81.79704680554102,0.44437625350194493,0.33431909182922936
82.77071383924992,0.44437625350194493,0.3049800162212932
83.74438087295884,0.44437625350194493,0.30443684775130464
84.71804790666775,0.44437625350194493,0.2992735191325835
85.69171494037667,0.44437625350194493,0.2755396561231578
86.66538197408559,0.44437625350194493,0.2997536586946694
87.6390490077945,0.44437625350194493,0.34765862533035374
88.61271604150342,0.44437625350194493,0.3241292316122184
89.58638307521232,0.44437625350194493,0.2956680537326264
90.56005010892125,0.44437625350194493,0.29061067408812846
91.53371714263017,0.44437625350194493,0.3069386151716884
92.50738417633907,0.44437625350194493,0.3253317574897707
93.481051210048,0.44437625350194493,0.3160084242193655
94.4547182437569,0.44437625350194493,0.2886222781254819
95.42838527746582,0.44437625350194493,0.2697711846925799
96.40205231117473,0.44437625350194493,0.27886292256242484
97.37571934488365,0.44437625350194493,0.30890314560353005
98.34938637859256,0.44437625350194493,0.34476885634946086
99.32305341230148,0.44437625350194493,0.3666138887025596
100.2967204460104,0.44437625350194493,0.3673688451145267
101.2703874797193,0.44437625350194493,0.3488981163056053
102.24405451342822,0.44437625350194493,0.3368171173227381
103.21772154713713,0.44437625350194493,0.3264026225597263
104.19138858084605,0.44437625350194493,0.3111547852425929
105.16505561455497,0.44437625350194493,0.3082339262521714
106.13872264826388,0.44437625350194493,0.3201914877078025
107.1123896819728,0.44437625350194493,0.3351213277901479
108.0860567156817,0.44437625350194493,0.3403610297665409
109.05972374939063,0.44437625350194493,0.3276531328325518
110.03339078309955,0.44437625350194493,0.30947474504046113
111.00705781680846,0.44437625350194493,0.2983048040671292
111.98072485051738,0.44437625350194493,0.2986304921870442
112.95439188422628,0.44437625350194493,0.30861559379559367
113.9280589179352,0.44437625350194493,0.32090178465387
114.90172595164412,0.44437625350194493,0.32736223188840086
115.87539298535303,0.44437625350194493,0.3251614552518731
116.84906001906194,0.44437625350194493,0.320499809018429
117.82272705277086,0.44437625350194493,0.32070444775990836
118.79639408647978,0.44437625350194493,0.33122914832097194
80.8233797718321,0.4911360588344119,0.38559438170966587
81.79704680554102,0.4911360588344119,0.3425283982426208
82.77071383924992,0.4911360588344119,0.31270360075194503
83.74438087295884,0.4911360588344119,0.3116977243973622
84.71804790666775,0.4911360588344119,0.3053677027983781
85.69171494037667,0.4911360588344119,0.27860874441950045
86.66538197408559,0.4911360588344119,0.30114917352008774
87.6390490077945,0.4911360588344119,0.3503665209910025
88.61271604150342,0.4911360588344119,0.32579554018447254
89.58638307521232,0.4911360588344119,0.29672502366479137
90.56005010892125,0.4911360588344119,0.2918141884440928
91.53371714263017,0.4911360588344119,0.3086615932140262
92.50738417633907,0.4911360588344119,0.3276344714580759
93.481051210048,0.4911360588344119,0.3186309097644191
94.4547182437569,0.4911360588344119,0.29115413195585926
95.42838527746582,0.4911360588344119,0.2718784719830225
96.40205231117473,0.4911360588344119,0.28062909379804424
97.37571934488365,0.4911360588344119,0.3102566126434425
98.34938637859256,0.4911360588344119,0.3457004153145249
99.32305341230148,0.4911360588344119,0.36684353032144656
100.2967204460104,0.4911360588344119,0.36682564013221963
101.2703874797193,0.4911360588344119,0.3481767545722789
102.24405451342822,0.4911360588344119,0.33678491437959224
103.21772154713713,0.4911360588344119,0.32678957533812536
104.19138858084605,0.4911360588344119,0.3116318324786107
105.16505561455497,0.4911360588344119,0.30917834249351017
106.13872264826388,0.4911360588344119,0.3216009794814454
107.1123896819728,0.4911360588344119,0.33690416800089906
108.0860567156817,0.4911360588344119,0.34242730200833194
109.05972374939063,0.4911360588344119,0.3297130625826412
110.03339078309955,0.4911360588344119,0.3113114998288893
111.00705781680846,0.4911360588344119,0.2999350321736074
111.98072485051738,0.4911360588344119,0.3002118439245578
112.95439188422628,0.4911360588344119,0.3102978564982095
113.9280589179352,0.4911360588344119,0.32275552346823133
114.90172595164412,0.4911360588344119,0.3294370824398811
115.87539298535303,0.4911360588344119,0.3275226087403098
116.84906001906194,0.4911360588344119,0.3231511671426688
117.82272705277086,0.4911360588344119,0.3236416710665253
118.79639408647978,0.4911360588344119,0.33437181113254155
80.8233797718321,0.537895864166879,0.39405340867222094
81.79704680554102,0.537895864166879,0.35079751581537266
82.77071383924992,0.537895864166879,0.32052107055073975
83.74438087295884,0.537895864166879,0.31903400185433384
84.71804790666775,0.537895864166879,0.3115422826539316
85.69171494037667,0.537895864166879,0.28170793156618856
86.66538197408559,0.537895864166879,0.30245224276293925
87.6390490077945,0.537895864166879,0.35300460668625533
88.61271604150342,0.537895864166879,0.3274115728935385
89.58638307521232,0.537895864166879,0.29776494843332557
90.56005010892125,0.537895864166879,0.2930200967902721
91.53371714263017,0.537895864166879,0.3103881247621416
92.50738417633907,0.537895864166879,0.3299243609220852
93.481051210048,0.537895864166879,0.3212844313152985
94.4547182437569,0.537895864166879,0.2937590887387094
95.42838527746582,0.537895864166879,0.27406816394837463
96.40205231117473,0.537895864166879,0.28246747178752685
97.37571934488365,0.537895864166879,0.3116609146362208
98.34938637859256,0.537895864166879,0.34666536445780594
99.32305341230148,0.537895864166879,0.3670895119999784
100.2967204460104,0.537895864166879,0.3662783190401626
101.2703874797193,0.537895864166879,0.3474872262769395
102.24405451342822,0.537895864166879,0.3368216570766265
103.21772154713713,0.537895864166879,0.327261731990518
104.19138858084605,0.537895864166879,0.3121908264532749
105.16505561455497,0.537895864166879,0.31019734833057555
106.13872264826388,0.537895864166879,0.32306323064250364
107.1123896819728,0.537895864166879,0.33871785565395385
108.0860567156817,0.537895864166879,0.34451085016485195
109.05972374939063,0.537895864166879,0.3317930463384755
110.03339078309955,0.537895864166879,0.31317261320600664
111.00705781680846,0.537895864166879,0.30158700634410707
111.98072485051738,0.537895864166879,0.30181104533119196
112.95439188422628,0.537895864166879,0.3119926550737091
113.9280589179352,0.537895864166879,0.32461494471726837
114.90172595164412,0.537895864166879,0.3315153591881881
115.87539298535303,0.537895864166879,0.32989426962217294
116.84906001906194,0.537895864166879,0.32582162684229843
117.82272705277086,0.537895864166879,0.32660692116610335
118.79639408647978,0.537895864166879,0.33753578833830034
80.8233797718321,0.584655669499346,0.4025487663346894
81.79704680554102,0.584655669499346,0.35912247431076594
82.77071383924992,0.584655669499346,0.32843291758217674
83.74438087295884,0.584655669499346,0.3264443962087
84.71804790666775,0.584655669499346,0.31779756618234956
85.69171494037667,0.584655669499346,0.28484499321592693
86.66538197408559,0.584655669499346,0.30366687983271845
87.6390490077945,0.584655669499346,0.3555677460543336
88.61271604150342,0.584655669499346,0.3289747266520635
89.58638307521232,0.584655669499346,0.29878921133300196
90.56005010892125,0.584655669499346,0.29422962273606856
91.53371714263017,0.584655669499346,0.31211559951594126
92.50738417633907,0.584655669499346,0.33219899377751005
93.481051210048,0.584655669499346,0.3239687283825923
94.4547182437569,0.584655669499346,0.2964390750079575
95.42838527746582,0.584655669499346,0.2763426345709856
96.40205231117473,0.584655669499346,0.2843793449298424
97.37571934488365,0.584655669499346,0.3131169993754028
98.34938637859256,0.584655669499346,0.34766441135407433
99.32305341230148,0.584655669499346,0.36735403239767095
100.2967204460104,0.584655669499346,0.3657341798032405
101.2703874797193,0.584655669499346,0.3468367600678448
102.24405451342822,0.584655669499346,0.3369313932161333
103.21772154713713,0.584655669499346,0.32782465374458525
104.19138858084605,0.584655669499346,0.3128378475759064
105.16505561455497,0.584655669499346,0.3112939044599443
106.13872264826388,0.584655669499346,0.3245792257390576
107.1123896819728,0.584655669499346,0.3405622549088321
108.0860567156817,0.584655669499346,0.3466099832231748
109.05972374939063,0.584655669499346,0.3338914544921181
110.03339078309955,0.584655669499346,0.31505773009894256
111.00705781680846,0.584655669499346,0.3032610458205909
111.98072485051738,0.584655669499346,0.3034286485295752
112.95439188422628,0.584655669499346,0.31370060119138543
113.9280589179352,0.584655669499346,0.3264807173356985
114.90172595164412,0.584655669499346,0.33359787715517086
115.87539298535303,0.584655669499346,0.33227659279282307
116.84906001906194,0.584655669499346,0.32851096773083555
117.82272705277086,0.584655669499346,0.3295988766078608
118.79639408647978,0.584655669499346,0.34072000378978373
80.8233797718321,0.631415474831813,0.4110794198853114
81.79704680554102,0.631415474831813,0.36749841657484694
82.77071383924992,0.631415474831813,0.33643895445214866
83.74438087295884,0.631415474831813,0.333927402762356
84.71804790666775,0.631415474831813,0.32413352854064215
85.69171494037667,0.631415474831813,0.28802836401322907
86.66538197408559,0.631415474831813,0.3047986201801507
87.6390490077945,0.631415474831813,0.3580520559109459
88.61271604150342,0.631415474831813,0.3304826514012831
89.58638307521232,0.631415474831813,0.2997993743524461
90.56005010892125,0.631415474831813,0.29544405386820927
91.53371714263017,0.631415474831813,0.31384163447204116
92.50738417633907,0.631415474831813,0.3344564724929384
93.481051210048,0.631415474831813,0.32668352243280196
94.4547182437569,0.631415474831813,0.2991959938362463
95.42838527746582,0.631415474831813,0.27870425770361784
96.40205231117473,0.631415474831813,0.28636590182990673
97.37571934488365,0.631415474831813,0.31462580729261447
98.34938637859256,0.631415474831813,0.3486982052961025
99.32305341230148,0.631415474831813,0.36763938817914266
100.2967204460104,0.631415474831813,0.36520144838672763
101.2703874797193,0.631415474831813,0.3462331389589792
102.24405451342822,0.631415474831813,0.3371180875552682
103.21772154713713,0.631415474831813,0.3284838011344391
104.19138858084605,0.631415474831813,0.3135790744934752
105.16505561455497,0.631415474831813,0.3124709219719648
106.13872264826388,0.631415474831813,0.3261499063190172
107.1123896819728,0.631415474831813,0.34243724026424616
108.0860567156817,0.631415474831813,0.3487229459436776
109.05972374939063,0.631415474831813,0.33600673402509074
110.03339078309955,0.631415474831813,0.3169664965496395
111.00705781680846,0.631415474831813,0.3049574835572457
111.98072485051738,0.631415474831813,0.3050652264995506
112.95439188422628,0.631415474831813,0.3154223251963231
113.9280589179352,0.631415474831813,0.3283535488233156
114.90172595164412,0.631415474831813,0.33568545838352293
115.87539298535303,0.631415474831813,0.33466974567750185
116.84906001906194,0.631415474831813,0.3312189410228257
117.82272705277086,0.631415474831813,0.33261611216994424
118.79639408647978,0.631415474831813,0.3439232778414407
80.8233797718321,0.67817528016428,0.41964437970818835
81.79704680554102,0.67817528016428,0.37591990892502736
82.77071383924992,0.67817528016428,0.34453822359211017
83.74438087295884,0.67817528016428,0.341481298291086
84.71804790666775,0.67817528016428,0.3305497809201938
85.69171494037667,0.67817528016428,0.29126713773413826
86.66538197408559,0.67817528016428,0.30585461628433563
87.6390490077945,0.67817528016428,0.3604548978846367
88.61271604150342,0.67817528016428,0.3319333347324118
89.58638307521232,0.67817528016428,0.3007971887915488
90.56005010892125,0.67817528016428,0.2966647474816
91.53371714263017,0.67817528016428,0.31556430042716954
92.50738417633907,0.67817528016428,0.336695609505405
93.481051210048,0.67817528016428,0.32942851292347797
94.4547182437569,0.67817528016428,0.3020317037481437
95.42838527746582,0.67817528016428,0.281155393475256
96.40205231117473,0.67817528016428,0.2884282178559623
97.37571934488365,0.67817528016428,0.31618827474859046
98.34938637859256,0.67817528016428,0.34976732839878366
99.32305341230148,0.67817528016428,0.36794796125235507
100.2967204460104,0.67817528016428,0.3646889166587073
101.2703874797193,0.67817528016428,0.3456846449756483
102.24405451342822,0.67817528016428,0.3373855890718289
103.21772154713713,0.67817528016428,0.3292444780960295
104.19138858084605,0.67817528016428,0.3144207579965155
105.16505561455497,0.67817528016428,0.31373123960736393
106.13872264826388,0.67817528016428,0.3277761658891336
107.1123896819728,0.67817528016428,0.3443427005510671
108.0860567156817,0.67817528016428,0.350847939155301
109.05972374939063,0.67817528016428,0.3381374286238952
110.03339078309955,0.67817528016428,0.3188985683439114
111.00705781680846,0.67817528016428,0.3066766677675332
111.98072485051738,0.67817528016428,0.30672137303065483
112.95439188422628,0.67817528016428,0.3171584741346578
113.9280589179352,0.67817528016428,0.3302341779158269
114.90172595164412,0.67817528016428,0.33777892165699086
115.87539298535303,0.67817528016428,0.337073906834803
116.84906001906194,0.67817528016428,0.333945272119081
117.82272705277086,0.67817528016428,0.3356571687468204
118.79639408647978,0.67817528016428,0.3471443345317766
80.8233797718321,0.724935085496747,0.42824270724702274
81.79704680554102,0.724935085496747,0.38438279898770134
82.77071383924992,0.724935085496747,0.35272895820855865
83.74438087295884,0.724935085496747,0.3491041458002542
84.71804790666775,0.724935085496747,0.337045540685466
85.69171494037667,0.724935085496747,0.29457105708689824
86.66538197408559,0.724935085496747,0.30684371097666485
87.6390490077945,0.724935085496747,0.3627746989297407
88.61271604150342,0.724935085496747,0.33332518150578494
89.58638307521232,0.724935085496747,0.30178460482959224
90.56005010892125,0.724935085496747,0.2978931362477226
91.53371714263017,0.724935085496747,0.3172822088679368
92.50738417633907,0.724935085496747,0.33891604254711893
93.481051210048,0.724935085496747,0.3322033724141491
94.4547182437569,0.724935085496747,0.3049479920033997
95.42838527746582,0.724935085496747,0.2836983703204847
96.40205231117473,0.724935085496747,0.2905672412360758
97.37571934488365,0.724935085496747,0.3178053381096717
98.34938637859256,0.724935085496747,0.3508722864469007
99.32305341230148,0.724935085496747,0.36828220469062956
100.2967204460104,0.724935085496747,0.3642056232682762
101.2703874797193,0.724935085496747,0.34519998547267505
102.24405451342822,0.724935085496747,0.3377375977609063
103.21772154713713,0.724935085496747,0.3301117774153113
104.19138858084605,0.724935085496747,0.31536919963014043
105.16505561455497,0.724935085496747,0.31507759949346337
106.13872264826388,0.724935085496747,0.3294588448648028
107.1123896819728,0.724935085496747,0.34627854264130065
108.0860567156817,0.724935085496747,0.35298315240709144
109.05972374939063,0.724935085496747,0.3402821969067418
110.03339078309955,0.724935085496747,0.32085361887095587
111.00705781680846,0.724935085496747,0.30841896347158126
111.98072485051738,0.724935085496747,0.3083977026062712
112.95439188422628,0.724935085496747,0.31890970981794453
113.9280589179352,0.724935085496747,0.33212336758015226
114.90172595164412,0.724935085496747,0.3398790761066266
115.87539298535303,0.724935085496747,0.33948926447806116
116.84906001906194,0.724935085496747,0.33668966353388896
117.82272705277086,0.724935085496747,0.33872059606187577
118.79639408647978,0.724935085496747,0.3503818097194653
80.8233797718321,0.771694890829214,0.43687351873313673
81.79704680554102,0.771694890829214,0.3928868712512781
82.77071383924992,0.771694890829214,0.3610086050641712
83.74438087295884,0.771694890829214,0.3567938018220502
84.71804790666775,0.771694890829214,0.34361960442697637
85.69171494037667,0.771694890829214,0.2979504905654551
86.66538197408559,0.771694890829214,0.307776494627376
87.6390490077945,0.771694890829214,0.36501065562200097
88.61271604150342,0.771694890829214,0.3346570875916939
89.58638307521232,0.771694890829214,0.30276377974965385
90.56005010892125,0.771694890829214,0.2991307335314559
91.53371714263017,0.771694890829214,0.3189945388462334
92.50738417633907,0.771694890829214,0.34111825628462356
93.481051210048,0.771694890829214,0.33500774087666585
94.4547182437569,0.771694890829214,0.30794654091312523
95.42838527746582,0.771694890829214,0.28633546115273134
96.40205231117473,0.771694890829214,0.2927837789017609
97.37571934488365,0.771694890829214,0.3194779385855995
98.34938637859256,0.771694890829214,0.35201349960138373
99.32305341230148,0.771694890829214,0.36864462766543227
100.2967204460104,0.771694890829214,0.36376060102543306
101.2703874797193,0.771694890829214,0.34478819845935504
102.24405451342822,0.771694890829214,0.33817763155263947
103.21772154713713,0.771694890829214,0.3310905263805921
104.19138858084605,0.771694890829214,0.3164307341904191
105.16505561455497,0.771694890829214,0.31651262154861115
106.13872264826388,0.771694890829214,0.3311987255728468
107.1123896819728,0.771694890829214,0.3482446948094662
108.0860567156817,0.771694890829214,0.35512681671661994
109.05972374939063,0.771694890829214,0.3424398290218278
110.03339078309955,0.771694890829214,0.32283134606018393
111.00705781680846,0.771694890829214,0.31018475398957435
111.98072485051738,0.771694890829214,0.31009485020911143
112.95439188422628,0.771694890829214,0.3206767068984391
113.9280589179352,0.771694890829214,0.33402189851176445
114.90172595164412,0.771694890829214,0.34198671716308127
115.87539298535303,0.771694890829214,0.3419160149921936
116.84906001906194,0.771694890829214,0.33945179807574277
117.82272705277086,0.771694890829214,0.34180497818874755
118.79639408647978,0.771694890829214,0.35363425980062857
80.8233797718321,0.818454696161681,0.44553598665953587
81.79704680554102,0.818454696161681,0.4014341087435014
82.77071383924992,0.818454696161681,0.36937390556784067
83.74438087295884,0.818454696161681,0.3645479262262086
84.71804790666775,0.818454696161681,0.35027032524845936
85.69171494037667,0.818454696161681,0.30141639310602386
86.66538197408559,0.818454696161681,0.3086653542550266
87.6390490077945,0.818454696161681,0.36716239223187586
88.61271604150342,0.818454696161681,0.335928507439732
89.58638307521232,0.818454696161681,0.30373708452141557
90.56005010892125,0.818454696161681,0.30037913806825145
91.53371714263017,0.818454696161681,0.32070103222442015
92.50738417633907,0.818454696161681,0.34330350727461223
93.481051210048,0.818454696161681,0.3378412193938587
94.4547182437569,0.818454696161681,0.3110288856483452
95.42838527746582,0.818454696161681,0.289068851763302
96.40205231117473,0.818454696161681,0.2950784823396262
97.37571934488365,0.818454696161681,0.3212070277192538
98.34938637859256,0.818454696161681,0.35319129313131725
99.32305341230148,0.818454696161681,0.36903777972968044
100.2967204460104,0.818454696161681,0.3633626839430235
101.2703874797193,0.818454696161681,0.34445853096815426
102.24405451342822,0.818454696161681,0.33870899393554055
103.21772154713713,0.818454696161681,0.3321852315727938
104.19138858084605,0.818454696161681,0.3176117152822826
105.16505561455497,0.818454696161681,0.318038776751564
106.13872264826388,0.818454696161681,0.3329965273347284
107.1123896819728,0.818454696161681,0.35024110959432164
108.0860567156817,0.818454696161681,0.35727728727374597
109.05972374939063,0.818454696161681,0.3446092613356768
110.03339078309955,0.818454696161681,0.3248314783288606
111.00705781680846,0.818454696161681,0.31197444240228833
111.98072485051738,0.818454696161681,0.3118134710640561
112.95439188422628,0.818454696161681,0.322460150876168
113.9280589179352,0.818454696161681,0.33593056323843484
114.90172595164412,0.818454696161681,0.3441026239954681
115.87539298535303,0.818454696161681,0.3443543614484952
116.84906001906194,0.818454696161681,0.34223134226772345
117.82272705277086,0.818454696161681,0.34490894921373183
118.79639408647978,0.818454696161681,0.3569001705793653
80.8233797718321,0.865214501494148,0.454229339014546
81.79704680554102,0.865214501494148,0.4100263166707805
82.77071383924992,0.865214501494148,0.3778210194498115
83.74438087295884,0.865214501494148,0.3723639944700494
84.71804790666775,0.865214501494148,0.3569955957706554
85.69171494037667,0.865214501494148,0.30498024649833155
86.66538197408559,0.865214501494148,0.309524523204999
87.6390490077945,0.865214501494148,0.3692296318558306
88.61271604150342,0.865214501494148,0.3371395155275678
89.58638307521232,0.865214501494148,0.30470710844446103
90.56005010892125,0.865214501494148,0.3016400377297117
91.53371714263017,0.865214501494148,0.32240196849951275
92.50738417633907,0.865214501494148,0.3454736814522974
93.481051210048,0.865214501494148,0.34070336349412145
94.4547182437569,0.865214501494148,0.3141963618733712
95.42838527746582,0.865214501494148,0.29190059904549237
96.40205231117473,0.865214501494148,0.29745183377949047
97.37571934488365,0.865214501494148,0.32299357325958766
98.34938637859256,0.865214501494148,0.35440588837136033
99.32305341230148,0.865214501494148,0.369464234804596
100.2967204460104,0.865214501494148,0.3630203585446736
101.2703874797193,0.865214501494148,0.3442202797795346
102.24405451342822,0.865214501494148,0.33933474293843346
103.21772154713713,0.865214501494148,0.3334000219725226
104.19138858084605,0.865214501494148,0.3189185031383772
105.16505561455497,0.865214501494148,0.31965835960971845
106.13872264826388,0.865214501494148,0.3348529016926136
107.1123896819728,0.865214501494148,0.3522677660780573
108.0860567156817,0.865214501494148,0.3594331626585472
109.05972374939063,0.865214501494148,0.3467895886477663
110.03339078309955,0.865214501494148,0.3268537794991744
111.00705781680846,0.865214501494148,0.3137884529370467
111.98072485051738,0.865214501494148,0.31355424026639866
112.95439188422628,0.865214501494148,0.32426073611031825
113.9280589179352,0.865214501494148,0.33785016081515096
114.90172595164412,0.865214501494148,0.3462275578513072
115.87539298535303,0.865214501494148,0.3468045121680916
116.84906001906194,0.865214501494148,0.3450279498404143
117.82272705277086,0.865214501494148,0.3480312033941573
118.79639408647978,0.865214501494148,0.3601779658997657
80.8233797718321,0.9119743068266151,0.46295285642247563
81.79704680554102,0.9119743068266151,0.41866461517980724
82.77071383924992,0.9119743068266151,0.3863456692822069
83.74438087295884,0.9119743068266151,0.3802393121398495
84.71804790666775,0.9119743068266151,0.36379283849134936
85.69171494037667,0.9119743068266151,0.3086539744892889
86.66538197408559,0.9119743068266151,0.31037013847762296
87.6390490077945,0.9119743068266151,0.3712119185501592
88.61271604150342,0.9119743068266151,0.33829086190370106
89.58638307521232,0.9119743068266151,0.3056766615587918
90.56005010892125,0.9119743068266151,0.30291521213395356
91.53371714263017,0.9119743068266151,0.3240981256322826
92.50738417633907,0.9119743068266151,0.3476311269914092
93.481051210048,0.9119743068266151,0.34359367642370486
94.4547182437569,0.9119743068266151,0.3174500415888275
95.42838527746582,0.9119743068266151,0.29483257621927805
96.40205231117473,0.9119743068266151,0.29990413309748476
97.37571934488365,0.9119743068266151,0.32483856476663675
98.34938637859256,0.9119743068266151,0.35565739420555076
99.32305341230148,0.9119743068266151,0.36992657518908345
100.2967204460104,0.9119743068266151,0.3627416462730366
101.2703874797193,0.9119743068266151,0.3440825789019186
102.24405451342822,0.9119743068266151,0.34005766210162847
103.21772154713713,0.9119743068266151,0.33473858987866834
104.19138858084605,0.9119743068266151,0.3203574538721341
105.16505561455497,0.9119743068266151,0.32137346019266033
106.13872264826388,0.9119743068266151,0.33676842782165295
107.1123896819728,0.9119743068266151,0.3543246715085502
108.0860567156817,0.9119743068266151,0.361593429595473
109.05972374939063,0.9119743068266151,0.34898007325421077
110.03339078309955,0.9119743068266151,0.3288980526682508
111.00705781680846,0.9119743068266151,0.31562723223953526
111.98072485051738,0.9119743068266151,0.31531785232471066
112.95439188422628,0.9119743068266151,0.326079163731265
113.9280589179352,0.9119743068266151,0.339781492192742
114.90172595164412,0.9119743068266151,0.34836226094148515
115.87539298535303,0.9119743068266151,0.3492666793547414
116.84906001906194,0.9119743068266151,0.3478412652618772
117.82272705277086,0.9119743068266151,0.3511705020137015
118.79639408647978,0.9119743068266151,0.36346601593572814
80.8233797718321,0.958734112159082,0.4717058674559098
81.79704680554102,0.958734112159082,0.42734945641018385
82.77071383924992,0.958734112159082,0.3949432852321024
83.74438087295884,0.958734112159082,0.38817103159414046
84.71804790666775,0.958734112159082,0.37065900521665185
85.69171494037667,0.958734112159082,0.31244982628811613
86.66538197408559,0.958734112159082,0.3112203092980792
87.6390490077945,0.958734112159082,0.3731084109781193
88.61271604150342,0.958734112159082,0.3393840220474118
89.58638307521232,0.958734112159082,0.3066487745421824
90.56005010892125,0.958734112159082,0.3042065339015352
91.53371714263017,0.958734112159082,0.32579073196261277
92.50738417633907,0.958734112159082,0.3497784977146807
93.481051210048,0.958734112159082,0.34651160270295733
94.4547182437569,0.958734112159082,0.32079065594895084
95.42838527746582,0.958734112159082,0.2978664020583235
96.40205231117473,0.958734112159082,0.302435485867079
97.37571934488365,0.958734112159082,0.32674301728958
98.34938637859256,0.958734112159082,0.356945799547276
99.32305341230148,0.958734112159082,0.3704273758907135
100.2967204460104,0.958734112159082,0.36253400883188647
101.2703874797193,0.958734112159082,0.344054117064303
102.24405451342822,0.958734112159082,0.34088023406664547
103.21772154713713,0.958734112159082,0.3362041294719802
104.19138858084605,0.958734112159082,0.3219349092444759
105.16505561455497,0.958734112159082,0.3231859362256273
106.13872264826388,0.958734112159082,0.33874360819532967
107.1123896819728,0.958734112159082,0.35641186216747656
108.0860567156817,0.958734112159082,0.3637575899257399
109.05972374939063,0.958734112159082,0.3511801502781964
110.03339078309955,0.958734112159082,0.3309641430954571
111.00705781680846,0.958734112159082,0.31749125053715943
111.98072485051738,0.958734112159082,0.3171050205614847
112.95439188422628,0.958734112159082,0.32791613951440013
113.9280589179352,0.958734112159082,0.3417253561181042
114.90172595164412,0.958734112159082,0.3505074557454009
115.87539298535303,0.958734112159082,0.3517410777826626
116.84906001906194,0.958734112159082,0.3506709272212447
117.82272705277086,0.958734112159082,0.35432567813313653
118.79639408647978,0.958734112159082,0.36676264477887344
80.8233797718321,1.005493917491549,0.48048774246746007
81.79704680554102,1.005493917491549,0.43608072003024745
82.77071383924992,1.005493917491549,0.4036091352612061
83.74438087295884,1.005493917491549,0.39615617046197826
84.71804790666775,1.005493917491549,0.3775905873004035
85.69171494037667,1.005493917491549,0.31638022068551663
86.66538197408559,1.005493917491549,0.31209519543065767
87.6390490077945,1.005493917491549,0.37491776079011174
88.61271604150342,1.005493917491549,0.3404212411865615
89.58638307521232,1.005493917491549,0.3076266958333491
90.56005010892125,1.005493917491549,0.30551596840420814
91.53371714263017,1.005493917491549,0.3274814136221167
92.50738417633907,1.005493917491549,0.3519186253138713
93.481051210048,1.005493917491549,0.34945652233878377
94.4547182437569,1.005493917491549,0.32421850471913594
95.42838527746582,1.005493917491549,0.30100335156330793
96.40205231117473,1.005493917491549,0.30504579301661394
97.37571934488365,1.005493917491549,0.3287079681955092
98.34938637859256,1.005493917491549,0.35827096774102074
99.32305341230148,1.005493917491549,0.37096918952634894
100.2967204460104,1.005493917491549,0.36240427269493125
101.2703874797193,1.005493917491549,0.3441427801375312
102.24405451342822,1.005493917491549,0.3418046173692346
103.21772154713713,1.005493917491549,0.33779927337167237
104.19138858084605,1.005493917491549,0.3236571857157742
105.16505561455497,1.005493917491549,0.32509738578397673
106.13872264826388,1.005493917491549,0.3407788645315577
107.1123896819728,1.005493917491549,0.35852940348934226
108.0860567156817,1.005493917491549,0.3659257081204714
109.05972374939063,1.005493917491549,0.3533894288597139
110.03339078309955,1.005493917491549,0.33305194011859385
111.00705781680846,1.005493917491549,0.3193810026431265
111.98072485051738,1.005493917491549,0.31891647635904974
112.95439188422628,1.005493917491549,0.32977237170803164
113.9280589179352,1.005493917491549,0.34368254562082257
114.90172595164412,1.005493917491549,0.35266384452006605
115.87539298535303,1.005493917491549,0.35422792365011446
116.84906001906194,1.005493917491549,0.35351657200862974
117.82272705277086,1.005493917491549,0.35749563980471066
118.79639408647978,1.005493917491549,0.3700661373841285
80.8233797718321,1.052253722824016,0.48929788634922033
81.79704680554102,1.052253722824016,0.4448578158970804
82.77071383924992,1.052253722824016,0.41233843303336926
83.74438087295884,1.052253722824016,0.4041916317082155
84.71804790666775,1.052253722824016,0.3845836383210042
85.69171494037667,1.052253722824016,0.32045754129211446
86.66538197408559,1.052253722824016,0.31301708723620436
87.6390490077945,1.052253722824016,0.3766380916336516
88.61271604150342,1.052253722824016,0.3414055730788732
89.58638307521232,1.052253722824016,0.3086138857436822
90.56005010892125,1.052253722824016,0.30684557190348016
91.53371714263017,1.052253722824016,0.3291721411087778
92.50738417633907,1.052253722824016,0.35405442419145317
93.481051210048,1.052253722824016,0.3524277460789982
94.4547182437569,1.052253722824016,0.32773335364584
95.42838527746582,1.052253722824016,0.3042442470964808
96.40205231117473,1.052253722824016,0.3077347425588428
97.37571934488365,1.052253722824016,0.3307344504611507
98.34938637859256,1.052253722824016,0.3596326350707102
99.32305341230148,1.052253722824016,0.3715545319891902
100.2967204460104,1.052253722824016,0.36235857191564946
101.2703874797193,1.052253722824016,0.34435524868098355
102.24405451342822,1.052253722824016,0.3428326269589661
103.21772154713713,1.052253722824016,0.3395260280155412
104.19138858084605,1.052253722824016,0.3255305607750074
105.16505561455497,1.052253722824016,0.32710912127743086
106.13872264826388,1.052253722824016,0.3428745340927435
107.1123896819728,1.052253722824016,0.3606773893791342
108.0860567156817,1.052253722824016,0.3680983519449228
109.05972374939063,1.052253722824016,0.35560768909351737
110.03339078309955,1.052253722824016,0.33516137817389335
111.00705781680846,1.052253722824016,0.3212970087879512
111.98072485051738,1.052253722824016,0.32075296822256405
112.95439188422628,1.052253722824016,0.33164856879170657
113.9280589179352,1.052253722824016,0.3456538449599975
114.90172595164412,1.052253722824016,0.35483210899565165
115.87539298535303,1.052253722824016,0.3567274334573085
116.84906001906194,1.052253722824016,0.35637783670654244
117.82272705277086,1.052253722824016,0.3606793720302903
118.79639408647978,1.052253722824016,0.37337490027744025
80.8233797718321,1.099013528156483,0.4981357306430141
81.79704680554102,1.099013528156483,0.45367977839288187
82.77071383924992,1.099013528156483,0.4211264216042423
83.74438087295884,1.099013528156483,0.41227422494776533
84.71804790666775,1.099013528156483,0.39163381056448543
85.69171494037667,1.099013528156483,0.3246938715469412
86.66538197408559,1.099013528156483,0.31401047163865314
87.6390490077945,1.099013528156483,0.37826710475656
88.61271604150342,1.099013528156483,0.34234091310374026
89.58638307521232,1.099013528156483,0.30961400736048006
90.56005010892125,1.099013528156483,0.3081974880331302
91.53371714263017,1.099013528156483,0.33086517780084534
92.50738417633907,1.099013528156483,0.3561888248649794
93.481051210048,1.099013528156483,0.35542451208381465
94.4547182437569,1.099013528156483,0.3313343233998678
95.42838527746582,1.099013528156483,0.3075893322867085
96.40205231117473,1.099013528156483,0.3105018038289984
97.37571934488365,1.099013528156483,0.3328233859321088
98.34938637859256,1.099013528156483,0.3610304195212848
99.32305341230148,1.099013528156483,0.37218586902577044
100.2967204460104,1.099013528156483,0.36240230979638
101.2703874797193,1.099013528156483,0.34469663608777523
102.24405451342822,1.099013528156483,0.3439657188951344
103.21772154713713,1.099013528156483,0.34138570936471524
104.19138858084605,1.099013528156483,0.3275612528052534
105.16505561455497,1.099013528156483,0.3292221454176456
106.13872264826388,1.099013528156483,0.3450308663860824
107.1123896819728,1.099013528156483,0.36285594079384964
108.0860567156817,1.099013528156483,0.3702764626177668
109.05972374939063,1.099013528156483,0.3578348749643965
110.03339078309955,1.099013528156483,0.33729243697712263
111.00705781680846,1.099013528156483,0.3232398152274527
111.98072485051738,1.099013528156483,0.3226152606072219
112.95439188422628,1.099013528156483,0.33354543721929986
113.9280589179352,1.099013528156483,0.34764002701354
114.90172595164412,1.099013528156483,0.35701291020563986
115.87539298535303,1.099013528156483,0.35923982307349434
116.84906001906194,1.099013528156483,0.3592543621814457
117.82272705277086,1.099013528156483,0.3638759376331109
118.79639408647978,1.099013528156483,0.3766885147904304
80.8233797718321,1.1457733334889502,0.5070007254153666
81.79704680554102,1.1457733334889502,0.4625453481710906
82.77071383924992,1.1457733334889502,0.42996843466494283
83.74438087295884,1.1457733334889502,0.42040068866128877
84.71804790666775,1.1457733334889502,0.3987364062526808
85.69171494037667,1.1457733334889502,0.3291006563918586
86.66538197408559,1.1457733334889502,0.3151020589427844
87.6390490077945,1.1457733334889502,0.37980235088164704
88.61271604150342,1.1457733334889502,0.34323202537430575
89.58638307521232,1.1457733334889502,0.31063091408535115
90.56005010892125,1.1457733334889502,0.30957394262335924
91.53371714263017,1.1457733334889502,0.3325630322736117
92.50738417633907,1.1457733334889502,0.3583247293399694
93.481051210048,1.1457733334889502,0.3584459843633674
94.4547182437569,1.1457733334889502,0.33501977673348193
95.42838527746582,1.1457733334889502,0.31103813629341026
96.40205231117473,1.1457733334889502,0.3133462246077734
97.37571934488365,1.1457733334889502,0.33497528544160105
98.34938637859256,1.1457733334889502,0.36246385920092905
99.32305341230148,1.1457733334889502,0.372865603817246
100.2967204460104,1.1457733334889502,0.3625401401760655
101.2703874797193,1.1457733334889502,0.3451702873291538
102.24405451342822,1.1457733334889502,0.3452049795489245
103.21772154713713,1.1457733334889502,0.3433788810459646
104.19138858084605,1.1457733334889502,0.32975538675884764
105.16505561455497,1.1457733334889502,0.331437129963831
106.13872264826388,1.1457733334889502,0.3472480202881343
107.1123896819728,1.1457733334889502,0.3650652035877897
108.0860567156817,1.1457733334889502,0.37246121607074656
109.05972374939063,1.1457733334889502,0.3600710837782799
110.03339078309955,1.1457733334889502,0.33944514093946054
111.00705781680846,1.1457733334889502,0.3252099945904092
111.98072485051738,1.1457733334889502,0.3245041324610156
112.95439188422628,1.1457733334889502,0.33546367913208996
113.9280589179352,1.1457733334889502,0.3496418510294461
114.90172595164412,1.1457733334889502,0.3592068883885986
115.87539298535303,1.1457733334889502,0.36176530687885133
116.84906001906194,1.1457733334889502,0.36214579582451734
117.82272705277086,1.1457733334889502,0.36708447711839653
118.79639408647978,1.1457733334889502,0.38000710308847374
80.8233797718321,1.192533138821417,0.5158923312671391
81.79704680554102,1.192533138821417,0.4714530407072175
82.77071383924992,1.192533138821417,0.438859938883013
83.74438087295884,1.192533138821417,0.42856771295654994
84.71804790666775,1.192533138821417,0.40588644379829475
85.69171494037667,1.192533138821417,0.3336882763729534
86.66538197408559,1.192533138821417,0.3163207349567472
87.6390490077945,1.192533138821417,0.3812417181259491
88.61271604150342,1.192533138821417,0.3440845634631131
89.58638307521232,1.192533138821417,0.3116686337118324
90.56005010892125,1.192533138821417,0.3109772369135868
91.53371714263017,1.192533138821417,0.33426841546206987
92.50738417633907,1.192533138821417,0.3604649821292014
93.481051210048,1.192533138821417,0.3614912532798158
94.4547182437569,1.192533138821417,0.3387872134527381
95.42838527746582,1.192533138821417,0.31458934265802263
96.40205231117473,1.192533138821417,0.3162670314087812
97.37571934488365,1.192533138821417,0.3371898748447677
98.34938637859256,1.192533138821417,0.3639325401022404
99.32305341230148,1.192533138821417,0.37359606561622627
100.2967204460104,1.192533138821417,0.3627759683847671
101.2703874797193,1.192533138821417,0.34577781684700426
102.24405451342822,1.192533138821417,0.3465511195449835
103.21772154713713,1.192533138821417,0.3455052977980131
104.19138858084605,1.192533138821417,0.3321189283461763
105.16505561455497,1.192533138821417,0.3337543980106261
106.13872264826388,1.192533138821417,0.3495260616727478
107.1123896819728,1.192533138821417,0.367305345726038
108.0860567156817,1.192533138821417,0.3746539133629767
109.05972374939063,1.192533138821417,0.3623165528526897
110.03339078309955,1.192533138821417,0.34161955788647447
111.00705781680846,1.192533138821417,0.3272081459159608
111.98072485051738,1.192533138821417,0.326420375419616
112.95439188422628,1.192533138821417,0.33740399002567756
113.9280589179352,1.192533138821417,0.35166006072313394
114.90172595164412,1.192533138821417,0.36141466295907776
115.87539298535303,1.192533138821417,0.36430409703575606
116.84906001906194,1.192533138821417,0.3650517940350255
117.82272705277086,1.192533138821417,0.37030420763449
118.79639408647978,1.192533138821417,0.3833307719548884
80.8233797718321,1.239292944153884,0.5248100117980812
81.79704680554102,1.239292944153884,0.4804012025923612
82.77071383924992,1.239292944153884,0.4477965613409651
83.74438087295884,1.239292944153884,0.4367719625087716
84.71804790666775,1.239292944153884,0.4130787385070107
85.69171494037667,1.239292944153884,0.33846552037272204
86.66538197408559,1.239292944153884,0.3176973916562531
87.6390490077945,1.239292944153884,0.38258417659469046
88.61271604150342,1.239292944153884,0.34490508427059297
89.58638307521232,1.239292944153884,0.3127313490117274
90.56005010892125,1.239292944153884,0.312409739239925
91.53371714263017,1.239292944153884,0.3359842030660545
92.50738417633907,1.239292944153884,0.3626123518659412
93.481051210048,1.239292944153884,0.36455933834494303
94.4547182437569,1.239292944153884,0.34263318474176785
95.42838527746582,1.239292944153884,0.3182406828570947
96.40205231117473,1.239292944153884,0.3192630330911541
97.37571934488365,1.239292944153884,0.3394661778610768
98.34938637859256,1.239292944153884,0.3654364256731526
99.32305341230148,1.239292944153884,0.3743794994491907
100.2967204460104,1.239292944153884,0.3631129707446519
101.2703874797193,1.239292944153884,0.3465193571306031
102.24405451342822,1.239292944153884,0.3480044725419873
103.21772154713713,1.239292944153884,0.3477638576226241
104.19138858084605,1.239292944153884,0.33465754608209863
105.16505561455497,1.239292944153884,0.3361739105851598
106.13872264826388,1.239292944153884,0.35186496154693714
107.1123896819728,1.239292944153884,0.3695765539563922
108.0860567156817,1.239292944153884,0.37685590715102535
109.05972374939063,1.239292944153884,0.3645716443003266
110.03339078309955,1.239292944153884,0.3438157971302189
111.00705781680846,1.239292944153884,0.3292348942833314
111.98072485051738,1.239292944153884,0.3283647915717438
112.95439188422628,1.239292944153884,0.33936705645396614
113.9280589179352,1.239292944153884,0.3536953826117042
114.90172595164412,1.239292944153884,0.363636832550128
115.87539298535303,1.239292944153884,0.36685640286509624
116.84906001906194,1.239292944153884,0.3679720243869724
117.82272705277086,1.239292944153884,0.3735344210790572
118.79639408647978,1.239292944153884,0.3866596130869766
80.8233797718321,1.2860527494863512,0.5337532267698748
81.79704680554102,1.2860527494863512,0.48938805713765987
82.77071383924992,1.2860527494863512,0.45677410578787203
83.74438087295884,1.2860527494863512,0.44501009932321267
84.71804790666775,1.2860527494863512,0.42030799609401015
85.69171494037667,1.2860527494863512,0.3434389471806867
86.66538197408559,1.2860527494863512,0.31926457905100847
87.6390490077945,1.2860527494863512,0.38383076598952925
88.61271604150342,1.2860527494863512,0.34570105455001965
89.58638307521232,1.2860527494863512,0.31382337488503254
90.56005010892125,1.2860527494863512,0.3138738753175545
91.53371714263017,1.2860527494863512,0.3377134031310689
92.50738417633907,1.2860527494863512,0.36476951980817063
93.481051210048,1.2860527494863512,0.3676491934612969
94.4547182437569,1.2860527494863512,0.3465532381677825
95.42838527746582,1.2860527494863512,0.3219888765045624
96.40205231117473,1.2860527494863512,0.322332827815341
97.37571934488365,1.2860527494863512,0.3418029252418364
98.34938637859256,1.2860527494863512,0.366976292029662
99.32305341230148,1.2860527494863512,0.37521805688237464
100.2967204460104,1.2860527494863512,0.36355363022224196
101.2703874797193,1.2860527494863512,0.34739390698493366
102.24405451342822,1.2860527494863512,0.34956499881610625
103.21772154713713,1.2860527494863512,0.35015256657237614
104.19138858084605,1.2860527494863512,0.33737630431733123
105.16505561455497,1.2860527494863512,0.33869525816839996
106.13872264826388,1.2860527494863512,0.354264594748372
107.1123896819728,1.2860527494863512,0.3718790300300725
108.0860567156817,1.2860527494863512,0.3790685564455316
109.05972374939063,1.2860527494863512,0.3668368288125521
110.03339078309955,1.2860527494863512,0.3460340070307666
111.00705781680846,1.2860527494863512,0.33129088997725376
111.98072485051738,1.2860527494863512,0.33033819069157744
112.95439188422628,1.2860527494863512,0.34135355372040976
113.9280589179352,1.2860527494863512,0.3557485246503802
114.90172595164412,1.2860527494863512,0.36587397508947106
115.87539298535303,1.2860527494863512,0.36942243033445266
116.84906001906194,1.2860527494863512,0.3709061675465364
117.82272705277086,1.2860527494863512,0.37677448154909143
118.79639408647978,1.2860527494863512,0.3899937060798493
80.8233797718321,1.332812554818818,0.5427214261360973
81.79704680554102,1.332812554818818,0.4984117410069757
82.77071383924992,1.332812554818818,0.46578856083556275
83.74438087295884,1.332812554818818,0.4532788049732801
84.71804790666775,1.332812554818818,0.4275689161962646
85.69171494037667,1.332812554818818,0.3486121375947846
86.66538197408559,1.332812554818818,0.3210559136871609
87.6390490077945,1.332812554818818,0.3849856930556257
88.61271604150342,1.332812554818818,0.3464808496320302
89.58638307521232,1.332812554818818,0.31494913221894194
90.56005010892125,1.332812554818818,0.315372117269888
91.53371714263017,1.332812554818818,0.33945912844851733
92.50738417633907,1.332812554818818,0.3669390726466588
93.481051210048,1.332812554818818,0.37075971465433355
94.4547182437569,1.332812554818818,0.3505419017848581
95.42838527746582,1.332812554818818,0.3258296352251193
96.40205231117473,1.332812554818818,0.32547481322529137
97.37571934488365,1.332812554818818,0.34419880194693064
98.34938637859256,1.332812554818818,0.36855372693248967
99.32305341230148,1.332812554818818,0.3761137878267249
100.2967204460104,1.332812554818818,0.36409978482961947
101.2703874797193,1.332812554818818,0.3483996693468612
102.24405451342822,1.332812554818818,0.35123229351253826
103.21772154713713,1.332812554818818,0.352668520270754
104.19138858084605,1.332812554818818,0.3402789763894134
105.16505561455497,1.332812554818818,0.3413176576467549
106.13872264826388,1.332812554818818,0.3567247392245463
107.1123896819728,1.332812554818818,0.3742129866013215
108.0860567156817,1.332812554818818,0.3812931998818385
109.05972374939063,1.332812554818818,0.36911266917184093
110.03339078309955,1.332812554818818,0.3482743720378494
111.00705781680846,1.332812554818818,0.33337680698855365
111.98072485051738,1.332812554818818,0.3323413868278067
112.95439188422628,1.332812554818818,0.3433641435908612
113.9280589179352,1.332812554818818,0.3578201750140124
114.90172595164412,1.332812554818818,0.368126647894087
115.87539298535303,1.332812554818818,0.37200238162859023
116.84906001906194,1.332812554818818,0.3738539188568666
117.82272705277086,1.332812554818818,0.38002382212403063
118.79639408647978,1.332812554818818,0.39333312097892303
80.8233797718321,1.379572360151285,0.5517140450602369
81.79704680554102,1.379572360151285,0.5074703334997253
82.77071383924992,1.379572360151285,0.47483610256381326
83.74438087295884,1.379572360151285,0.4615748019890873
84.71804790666775,1.379572360151285,0.43485630186953017
85.69171494037667,1.379572360151285,0.353984866987588
86.66538197408559,1.379572360151285,0.3231051799889144
87.6390490077945,1.379572360151285,0.38605725368262256
88.61271604150342,1.379572360151285,0.34725374395091535
89.58638307521232,1.379572360151285,0.31611311871034786
90.56005010892125,1.379572360151285,0.31690697157799264
91.53371714263017,1.379572360151285,0.3412245732536263
92.50738417633907,1.379572360151285,0.36912349785498577
93.481051210048,1.379572360151285,0.3738897502395204
94.4547182437569,1.379572360151285,0.35459271064038944
95.42838527746582,1.379572360151285,0.3297577358087036
96.40205231117473,1.379572360151285,0.3286871996055112
97.37571934488365,1.379572360151285,0.3466525294849845
98.34938637859256,1.379572360151285,0.3701706926402153
99.32305341230148,1.379572360151285,0.3770686333552362
100.2967204460104,1.379572360151285,0.3647526848342295
101.2703874797193,1.379572360151285,0.3495343210316548
102.24405451342822,1.379572360151285,0.3530055992879966
103.21772154713713,1.379572360151285,0.35530790611346674
104.19138858084605,1.379572360151285,0.34336666997654675
105.16505561455497,1.379572360151285,0.3440399549550648
106.13872264826388,1.379572360151285,0.3592450759123835
107.1123896819728,1.379572360151285,0.37657864292702925
108.0860567156817,1.379572360151285,0.3835311401974195
109.05972374939063,1.379572360151285,0.3713998041753257
110.03339078309955,1.379572360151285,0.3505371093640406
111.00705781680846,1.379572360151285,0.3354933407381395
111.98072485051738,1.379572360151285,0.3343751941234814
112.95439188422628,1.379572360151285,0.3453994720675837
113.9280589179352,1.379572360151285,0.35991100111004926
114.90172595164412,1.379572360151285,0.3703953878343782
115.87539298535303,1.379572360151285,0.37459645481430925
116.84906001906194,1.379572360151285,0.3768149896866362
117.82272705277086,1.379572360151285,0.3832819412605204
118.79639408647978,1.379572360151285,0.39667792042700967
80.8233797718321,1.4263321654837522,0.5607304999485336
81.79704680554102,1.4263321654837522,0.5165618799140361
82.77071383924992,1.4263321654837522,0.4839130933993374
83.74438087295884,1.4263321654837522,0.4698948740972355
84.71804790666775,1.4263321654837522,0.44216516999605915
85.69171494037667,1.4263321654837522,0.3595522988198354
86.66538197408559,1.4263321654837522,0.3254450766699222
87.6390490077945,1.4263321654837522,0.3870582305414416
88.61271604150342,1.4263321654837522,0.3480298930266059
89.58638307521232,1.4263321654837522,0.31731987701871844
90.56005010892125,1.4263321654837522,0.31848096614756116
91.53371714263017,1.4263321654837522,0.3430129936264166
92.50738417633907,1.4263321654837522,0.37132518040542806
93.481051210048,1.4263321654837522,0.37703811325414804
94.4547182437569,1.4263321654837522,0.35869827335572246
95.42838527746582,1.4263321654837522,0.3337671544766714
96.40205231117473,1.4263321654837522,0.33196802565695194
97.37571934488365,1.4263321654837522,0.3491628886610556
98.34938637859256,1.4263321654837522,0.3718291943790888
99.32305341230148,1.4263321654837522,0.37808441951133887
100.2967204460104,1.4263321654837522,0.3655130548119985
101.2703874797193,1.4263321654837522,0.35079520512314843
102.24405451342822,1.4263321654837522,0.35488382298862575
103.21772154713713,1.4263321654837522,0.3580660295402822
104.19138858084605,1.4263321654837522,0.34663586556405335
105.16505561455497,1.4263321654837522,0.34686063339154316
106.13872264826388,1.4263321654837522,0.36182518924022133
107.1123896819728,1.4263321654837522,0.3789762204689282
108.0860567156817,1.4263321654837522,0.3857836353140556
109.05972374939063,1.4263321654837522,0.37369893342906835
110.03339078309955,1.4263321654837522,0.35282246531664896
111.00705781680846,1.4263321654837522,0.3376412047099393
111.98072485051738,1.4263321654837522,0.33644042171169986
112.95439188422628,1.4263321654837522,0.3474601672078279
113.9280589179352,1.4263321654837522,0.3620216487131529
114.90172595164412,1.4263321654837522,0.37268071149651405
115.87539298535303,1.4263321654837522,0.37720484358851536
116.84906001906194,1.4263321654837522,0.3797891084661842
117.82272705277086,1.4263321654837522,0.38654839879859537
118.79639408647978,1.4263321654837522,0.40002816143851305
80.8233797718321,1.4730919708162191,0.5697701855061723
81.79704680554102,1.4730919708162191,0.5256844101814409
82.77071383924992,1.4730919708162191,0.49301607862611263
83.74438087295884,1.4730919708162191,0.4782358850553976
84.71804790666775,1.4730919708162191,0.44949085679166956
85.69171494037667,1.4730919708162191,0.3653044925287361
86.66538197408559,1.4730919708162191,0.3281056010921475
87.6390490077945,1.4730919708162191,0.3880055634137989
88.61271604150342,1.4730919708162191,0.34882030651253615
89.58638307521232,1.4730919708162191,0.31857396073853295
90.56005010892125,1.4730919708162191,0.320096636703056
91.53371714263017,1.4730919708162191,0.3448276909687351
92.50738417633907,1.4730919708162191,0.3735464000875339
93.481051210048,1.4730919708162191,0.3802035958769139
94.4547182437569,1.4730919708162191,0.36285037248529406
95.42838527746582,1.4730919708162191,0.337851243588398
96.40205231117473,1.4730919708162191,0.3353151764551825
97.37571934488365,1.4730919708162191,0.35172872402489475
98.34938637859256,1.4730919708162191,0.37353115034801476
99.32305341230148,1.4730919708162191,0.37916285208578415
100.2967204460104,1.4730919708162191,0.3663811569942652
101.2703874797193,1.4730919708162191,0.3521794599060968
102.24405451342822,1.4730919708162191,0.35686555591320257
103.21772154713713,1.4730919708162191,0.3609373667587761
104.19138858084605,1.4730919708162191,0.3500772122731064
105.16505561455497,1.4730919708162191,0.3497778273253971
106.13872264826388,1.4730919708162191,0.36446456824830875
107.1123896819728,1.4730919708162191,0.38140593853023574
108.0860567156817,1.4730919708162191,0.3880518932951418
109.05972374939063,1.4730919708162191,0.3760108033166034
110.03339078309955,1.4730919708162191,0.35513071138746
111.00705781680846,1.4730919708162191,0.33982112567878175
111.98072485051738,1.4730919708162191,0.33853786754741577
112.95439188422628,1.4730919708162191,0.34954683702540024
113.9280589179352,1.4730919708162191,0.36415274125306496
114.90172595164412,1.4730919708162191,0.3749831153691048
115.87539298535303,1.4730919708162191,0.37982773709381945
116.84906001906194,1.4730919708162191,0.38277602150674284
117.82272705277086,1.4730919708162191,0.38982281181120015
118.79639408647978,1.4730919708162191,0.4033838969273802
80.8233797718321,1.519851776148686,0.5788324727629401
81.79704680554102,1.519851776148686,0.5348359537476313
82.77071383924992,1.519851776148686,0.502141781485534
83.74438087295884,1.519851776148686,0.48659479584677
84.71804790666775,1.519851776148686,0.45682911233677714
85.69171494037667,1.519851776148686,0.37122706055714616
86.66538197408559,1.519851776148686,0.3311121381964597
87.6390490077945,1.519851776148686,0.38891938938397175
88.61271604150342,1.519851776148686,0.3496368116027355
89.58638307521232,1.519851776148686,0.3198798987985896
90.56005010892125,1.519851776148686,0.32175651273502126
91.53371714263017,1.519851776148686,0.34667199790343517
92.50738417633907,1.519851776148686,0.37578932895640804
93.481051210048,1.519851776148686,0.3833849854552476
94.4547182437569,1.519851776148686,0.3670400919205079
95.42838527746582,1.519851776148686,0.342002928337644
96.40205231117473,1.519851776148686,0.33872640310625357
97.37571934488365,1.519851776148686,0.3543489419204775
98.34938637859256,1.519851776148686,0.3752783507275268
99.32305341230148,1.519851776148686,0.38030551235048904
100.2967204460104,1.519851776148686,0.3673568530431339
101.2703874797193,1.519851776148686,0.35368410279352247
102.24405451342822,1.519851776148686,0.35894909714264145
103.21772154713713,1.519851776148686,0.36391564494334716
104.19138858084605,1.519851776148686,0.3536763981003901
105.16505561455497,1.519851776148686,0.3527893406849216
106.13872264826388,1.519851776148686,0.36716260833310344
107.1123896819728,1.519851776148686,0.3838680099977978
108.0860567156817,1.519851776148686,0.3903370695908279
109.05972374939063,1.519851776148686,0.3783361943443424
110.03339078309955,1.519851776148686,0.3574621401777449
111.00705781680846,1.519851776148686,0.3420338370850686
111.98072485051738,1.519851776148686,0.34066831107782036
112.95439188422628,1.519851776148686,0.35166006748772816
113.9280589179352,1.519851776148686,0.36630487922388966
114.90172595164412,1.519851776148686,0.3773030760671645
115.87539298535303,1.519851776148686,0.38246531976551523
116.84906001906194,1.519851776148686,0.38577549355068186
117.82272705277086,1.519851776148686,0.3931048503229704
118.79639408647978,1.519851776148686,0.40674517696356816
80.8233797718321,1.5666115814811532,0.5879167079953618
81.79704680554102,1.5666115814811532,0.5440145514787673
82.77071383924992,1.5666115814811532,0.5112870975262922
83.74438087295884,1.5666115814811532,0.4949686800592019
84.71804790666775,1.5666115814811532,0.46417617842720915
85.69171494037667,1.5666115814811532,0.37730482454477965
86.66538197408559,1.5666115814811532,0.33448342660440744
87.6390490077945,1.5666115814811532,0.3898217759969498
88.61271604150342,1.5666115814811532,0.3504920050529563
89.58638307521232,1.5666115814811532,0.3212421590041714
90.56005010892125,1.5666115814811532,0.32346310323310945
91.53371714263017,1.5666115814811532,0.3485492658546576
92.50738417633907,1.5666115814811532,0.37805602865800125
93.481051210048,1.5666115814811532,0.3865810816749473
94.4547182437569,1.5666115814811532,0.37125796889840323
95.42838527746582,1.5666115814811532,0.3462149035226698
96.40205231117473,1.5666115814811532,0.3421993435993116
97.37571934488365,1.5666115814811532,0.35702250587525697
98.34938637859256,1.5666115814811532,0.3770724460045898
99.32305341230148,1.5666115814811532,0.38151385373781466
100.2967204460104,1.5666115814811532,0.3684396621924293
101.2703874797193,1.5666115814811532,0.3553060845911489
102.24405451342822,1.5666115814811532,0.36113247940417637
103.21772154713713,1.5666115814811532,0.3669939492403955
104.19138858084605,1.5666115814811532,0.35741614874046945
105.16505561455497,1.5666115814811532,0.35589266937728326
106.13872264826388,1.5666115814811532,0.36991861361730116
107.1123896819728,1.5666115814811532,0.38636263730307974
108.0860567156817,1.5666115814811532,0.39264026569208
109.05972374939063,1.5666115814811532,0.3806759098991961
110.03339078309955,1.5666115814811532,0.35981706122629475
111.00705781680846,1.5666115814811532,0.3442800700487396
111.98072485051738,1.5666115814811532,0.34283250464545745
112.95439188422628,1.5666115814811532,0.3538004206391179
113.9280589179352,1.5666115814811532,0.3684786396927393
114.90172595164412,1.5666115814811532,0.37964105056880726
115.87539298535303,1.5666115814811532,0.3851177712822391
116.84906001906194,1.5666115814811532,0.38878730812780304
117.82272705277086,1.5666115814811532,0.3963942331020007
118.79639408647978,1.5666115814811532,0.41011204977530724
80.8233797718321,1.6133713868136201,0.5970222124519182
81.79704680554102,1.6133713868136201,0.5532182652053166
82.77071383924992,1.6133713868136201,0.5204490886380313
83.74438087295884,1.6133713868136201,0.5033547373052443
84.71804790666775,1.6133713868136201,0.4715288450480557
85.69171494037667,1.6133713868136201,0.38352906292840316
86.66538197408559,1.6133713868136201,0.33822969045806417
87.6390490077945,1.6133713868136201,0.39073547964520117
88.61271604150342,1.6133713868136201,0.35139918910968504
89.58638307521232,1.6133713868136201,0.32266511153387967
90.56005010892125,1.6133713868136201,0.32521888244207275
91.53371714263017,1.6133713868136201,0.3504628533328926
92.50738417633907,1.6133713868136201,0.38034844754727004
93.481051210048,1.6133713868136201,0.3897907143377459
94.4547182437569,1.6133713868136201,0.37549417820653197
95.42838527746582,1.6133713868136201,0.35047981632190073
96.40205231117473,1.6133713868136201,0.34573154436050757
97.37571934488365,1.6133713868136201,0.3597484307924006
98.34938637859256,1.6133713868136201,0.3789149452093312
99.32305341230148,1.6133713868136201,0.38278919945675227
100.2967204460104,1.6133713868136201,0.3696288144528239
101.2703874797193,1.6133713868136201,0.35704232488333787
102.24405451342822,1.6133713868136201,0.3634134968662295
103.21772154713713,1.6133713868136201,0.3701648541026543
104.19138858084605,1.6133713868136201,0.3612778182982197
105.16505561455497,1.6133713868136201,0.35908502661806097
106.13872264826388,1.6133713868136201,0.37273179990955896
107.1123896819728,1.6133713868136201,0.3888900086496392
108.0860567156817,1.6133713868136201,0.3949625286236369
109.05972374939063,1.6133713868136201,0.38303076641375355
110.03339078309955,1.6133713868136201,0.3621957968057359
111.00705781680846,1.6133713868136201,0.3465605413778121
111.98072485051738,1.6133713868136201,0.34503116369944564
112.95439188422628,1.6133713868136201,0.35596843283860835
113.9280589179352,1.6133713868136201,0.3706745759268415
114.90172595164412,1.6133713868136201,0.38199747645785465
115.87539298535303,1.6133713868136201,0.3877852665016235
116.84906001906194,1.6133713868136201,0.3918112677026784
117.82272705277086,1.6133713868136201,0.39969072348503687
118.79639408647978,1.6133713868136201,0.41348456265359346
80.8233797718321,1.660131192146087,0.6061482827778946
81.79704680554102,1.660131192146087,0.5624451853872188
82.77071383924992,1.660131192146087,0.5296249770443637
83.74438087295884,1.660131192146087,0.5117503045906915
84.71804790666775,1.660131192146087,0.47888448236912495
85.69171494037667,1.660131192146087,0.38990112694273193
86.66538197408559,1.660131192146087,0.3423513019134248
87.6390490077945,1.660131192146087,0.39168292470657207
88.61271604150342,1.660131192146087,0.35237227820329053
89.58638307521232,1.660131192146087,0.324152993262544
90.56005010892125,1.660131192146087,0.32702627588102473
91.53371714263017,1.660131192146087,0.3524161133243382
92.50738417633907,1.660131192146087,0.3826684176547346
93.481051210048,1.660131192146087,0.3930127611736012
94.4547182437569,1.660131192146087,0.3797387731705637
95.42838527746582,1.660131192146087,0.3547904270838238
96.40205231117473,1.660131192146087,0.3493204820438862
97.37571934488365,1.660131192146087,0.36252577668562225
98.34938637859256,1.660131192146087,0.38080721794948147
99.32305341230148,1.660131192146087,0.3841327410302142
100.2967204460104,1.660131192146087,0.37092329823309456
101.2703874797193,1.660131192146087,0.35888973556996007
102.24405451342822,1.660131192146087,0.3657897342980334
103.21772154713713,1.660131192146087,0.3734205746494581
104.19138858084605,1.660131192146087,0.36524228296678984
105.16505561455497,1.660131192146087,0.36236337008585906
106.13872264826388,1.660131192146087,0.3756012982505581
107.1123896819728,1.660131192146087,0.39145029458177305
108.0860567156817,1.660131192146087,0.3973048509901673
109.05972374939063,1.660131192146087,0.385401584854435
110.03339078309955,1.660131192146087,0.3645986777902408
111.00705781680846,1.660131192146087,0.34887593813368767
111.98072485051738,1.660131192146087,0.34726495599977625
112.95439188422628,1.660131192146087,0.35816461316585446
113.9280589179352,1.660131192146087,0.37289321707339695
114.90172595164412,1.660131192146087,0.3843727721916821
115.87539298535303,1.660131192146087,0.39046797547166534
116.84906001906194,1.660131192146087,0.39484719365486853
117.82272705277086,1.660131192146087,0.4029941254007099
118.79639408647978,1.660131192146087,0.4168627626384023
80.8233797718321,1.7068909974785542,0.6152941920310582
81.79704680554102,1.7068909974785542,0.5716934372797482
82.77071383924992,1.7068909974785542,0.5388121394241807
83.74438087295884,1.7068909974785542,0.5201528655815935
84.71804790666775,1.7068909974785542,0.48624104714428995
85.69171494037667,1.7068909974785542,0.39642670244776923
86.66538197408559,1.7068909974785542,0.34683831605917703
87.6390490077945,1.7068909974785542,0.39268545677131783
88.61271604150342,1.7068909974785542,0.3534256383545653
89.58638307521232,1.7068909974785542,0.3257098738115758
90.56005010892125,1.7068909974785542,0.328887646858675
91.53371714263017,1.7068909974785542,0.35441237665113334
92.50738417633907,1.7068909974785542,0.38501765166881796
93.481051210048,1.7068909974785542,0.39624616510010924
94.4547182437569,1.7068909974785542,0.38398203060753744
95.42838527746582,1.7068909974785542,0.3591397447270612
96.40205231117473,1.7068909974785542,0.35296358513177495
97.37571934488365,1.7068909974785542,0.3653536424109092
98.34938637859256,1.7068909974785542,0.3827504981089902
99.32305341230148,1.7068909974785542,0.3855455377361494
100.2967204460104,1.7068909974785542,0.37232190221956785
101.2703874797193,1.7068909974785542,0.3608452369826125
102.24405451342822,1.7068909974785542,0.3682585970200307
103.21772154713713,1.7068909974785542,0.3767531320287958
104.19138858084605,1.7068909974785542,0.3692904549960758
105.16505561455497,1.7068909974785542,0.3657244299160993
106.13872264826388,1.7068909974785542,0.37852615901209674
107.1123896819728,1.7068909974785542,0.3940436449148592
108.0860567156817,1.7068909974785542,0.3996681713815633
109.05972374939063,1.7068909974785542,0.3877891834381444
110.03339078309955,1.7068909974785542,0.36702603961157365
111.00705781680846,1.7068909974785542,0.3512268985816718
111.98072485051738,1.7068909974785542,0.34953449019178606
112.95439188422628,1.7068909974785542,0.3603894419993594
113.9280589179352,1.7068909974785542,0.37513506796494767
114.90172595164412,1.7068909974785542,0.3867673373965772
115.87539298535303,1.7068909974785542,0.393166063447552
116.84906001906194,1.7068909974785542,0.3978949260929312
117.82272705277086,1.7068909974785542,0.40630427960491033
118.79639408647978,1.7068909974785542,0.42024669709030604
80.8233797718321,1.7536508028110211,0.6244591911799375
81.79704680554102,1.7536508028110211,0.580961185889862
82.77071383924992,1.7536508028110211,0.5480081012427149
83.74438087295884,1.7536508028110211,0.528560057766299
84.71804790666775,1.7536508028110211,0.4935970644986867
85.69171494037667,1.7536508028110211,0.4031088158610885
86.66538197408559,1.7536508028110211,0.3516710702569412
87.6390490077945,1.7536508028110211,0.39376284262311856
88.61271604150342,1.7536508028110211,0.35457374737038094
89.58638307521232,1.7536508028110211,0.3273396242083777
90.56005010892125,1.7536508028110211,0.33080528370904005
91.53371714263017,1.7536508028110211,0.3564549244403281
92.50738417633907,1.7536508028110211,0.3873977401923767
93.481051210048,1.7536508028110211,0.39948995036236923
94.4547182437569,1.7536508028110211,0.3882149573116074
95.42838527746582,1.7536508028110211,0.3635211361062076
96.40205231117473,1.7536508028110211,0.35665825496907644
97.37571934488365,1.7536508028110211,0.36823115969536246
98.34938637859256,1.7536508028110211,0.3847458883614365
99.32305341230148,1.7536508028110211,0.3870285169221006
100.2967204460104,1.7536508028110211,0.3738232517088136
101.2703874797193,1.7536508028110211,0.36290576932361773
102.24405451342822,1.7536508028110211,0.37081734109597164
103.21772154713713,1.7536508028110211,0.38015452536859584
104.19138858084605,1.7536508028110211,0.3734036950738755
105.16505561455497,1.7536508028110211,0.369164736786729
106.13872264826388,1.7536508028110211,0.3815053565115818
107.1123896819728,1.7536508028110211,0.3966701860782109
108.0860567156817,1.7536508028110211,0.40205337500981386
109.05972374939063,1.7536508028110211,0.3901943714594154
110.03339078309955,1.7536508028110211,0.3694782184171572
111.00705781680846,1.7536508028110211,0.35361399013652317
111.98072485051738,1.7536508028110211,0.3518403044591878
112.95439188422628,1.7536508028110211,0.36264336977046696
113.9280589179352,1.7536508028110211,0.37740060896703653
114.90172595164412,1.7536508028110211,0.3891815531303564
115.87539298535303,1.7536508028110211,0.3958796909364537
116.84906001906194,1.7536508028110211,0.40095432354132754
117.82272705277086,1.7536508028110211,0.4096210601126131
118.79639408647978,1.7536508028110211,0.4236364141534068
80.8233797718321,1.800410608143488,0.6336425109914785
81.79704680554102,1.800410608143488,0.5902466399562627
82.77071383924992,1.800410608143488,0.5572105313343627
83.74438087295884,1.800410608143488,0.5369696775447892
84.71804790666775,1.800410608143488,0.5009515880088884
85.69171494037667,1.800410608143488,0.40994504212085303
86.66538197408559,1.800410608143488,0.3568218046907816
87.6390490077945,1.800410608143488,0.3949329640389294
88.61271604150342,1.800410608143488,0.3558303830392049
89.58638307521232,1.800410608143488,0.3290458889691621
90.56005010892125,1.800410608143488,0.3327813879533039
91.53371714263017,1.800410608143488,0.3585469345359442
92.50738417633907,1.800410608143488,0.3898101495882642
93.481051210048,1.800410608143488,0.4027432370352635
94.4547182437569,1.800410608143488,0.39242995550755744
95.42838527746582,1.800410608143488,0.36792841010154653
96.40205231117473,1.800410608143488,0.36040188591137934
97.37571934488365,1.800410608143488,0.371157487670672
98.34938637859256,1.800410608143488,0.38679436510913945
99.32305341230148,1.800410608143488,0.38858247514923505
100.2967204460104,1.800410608143488,0.3754258397962644
101.2703874797193,1.800410608143488,0.3650683011204876
102.24405451342822,1.800410608143488,0.37346310325580134
103.21772154713713,1.800410608143488,0.38361690193789855
104.19138858084605,1.800410608143488,0.3775642877297969
105.16505561455497,1.800410608143488,0.3726806497029429
106.13872264826388,1.800410608143488,0.38453779409860545
107.1123896819728,1.800410608143488,0.3993300188595299
108.0860567156817,1.800410608143488,0.4044612945156132
109.05972374939063,1.800410608143488,0.39261794408116657
110.03339078309955,1.800410608143488,0.3719555474291383
111.00705781680846,1.800410608143488,0.3560376861117902
111.98072485051738,1.800410608143488,0.3541828560420299
112.95439188422628,1.800410608143488,0.36492681592039844
113.9280589179352,1.800410608143488,0.3796902959061299
114.90172595164412,1.800410608143488,0.39161578221796844
115.87539298535303,1.800410608143488,0.3986090137548217
116.84906001906194,1.800410608143488,0.4040252625197809
117.82272705277086,1.800410608143488,0.41294437094597924
118.79639408647978,1.800410608143488,0.42703196313459557
80.8233797718321,1.8471704134759552,0.6428433642077493
81.79704680554102,1.8471704134759552,0.5995480551337664
82.77071383924992,1.8471704134759552,0.5664172367413016
83.74438087295884,1.8471704134759552,0.5453796833223521
84.71804790666775,1.8471704134759552,0.5083041424741452
85.69171494037667,1.8471704134759552,0.41692752144390965
86.66538197408559,1.8471704134759552,0.36225703337868254
87.6390490077945,1.8471704134759552,0.39621165487389476
88.61271604150342,1.8471704134759552,0.3572069335014163
89.58638307521232,1.8471704134759552,0.3308320623021359
90.56005010892125,1.8471704134759552,0.3348180635724418
91.53371714263017,1.8471704134759552,0.36069137346531477
92.50738417633907,1.8471704134759552,0.39225622074965116
93.481051210048,1.8471704134759552,0.40600525344899907
94.4547182437569,1.8471704134759552,0.3966214564826682
95.42838527746582,1.8471704134759552,0.3723558778380802
96.40205231117473,1.8471704134759552,0.3641918843179326
97.37571934488365,1.8471704134759552,0.37413180803334
98.34938637859256,1.8471704134759552,0.38889678363717906
99.32305341230148,1.8471704134759552,0.39020808011810004
100.2967204460104,1.8471704134759552,0.37712805393633175
101.2703874797193,1.8471704134759552,0.36732983575470257
102.24405451342822,1.8471704134759552,0.376192930098199
103.21772154713713,1.8471704134759552,0.38713271681967854
104.19138858084605,1.8471704134759552,0.38175606360761094
105.16505561455497,1.8471704134759552,0.3762683835153666
106.13872264826388,1.8471704134759552,0.3876223096787612
107.1123896819728,1.8471704134759552,0.40202321657420725
108.0860567156817,1.8471704134759552,0.4068927108916114
109.05972374939063,1.8471704134759552,0.3950606780091448
110.03339078309955,1.8471704134759552,0.37445835360438195
111.00705781680846,1.8471704134759552,0.3584983443984129
111.98072485051738,1.8471704134759552,0.35656251268028427
112.95439188422628,1.8471704134759552,0.3672401680694293
113.9280589179352,1.8471704134759552,0.38200456007325556
114.90172595164412,1.8471704134759552,0.3940703695459433
115.87539298535303,1.8471704134759552,0.4013541831109251
116.84906001906194,1.8471704134759552,0.4071076369984894
117.82272705277086,1.8471704134759552,0.41627414306549326
118.79639408647978,1.8471704134759552,0.4304333947991381
80.8233797718321,1.8939302188084222,0.6520609479356381
81.79704680554102,1.8939302188084222,0.6088637365167529
82.77071383924992,1.8939302188084222,0.5756261577903956
83.74438087295884,1.8939302188084222,0.5537881967111105
84.71804790666775,1.8939302188084222,0.5156546546762968
85.69171494037667,1.8939302188084222,0.42404408672234695
86.66538197408559,1.8939302188084222,0.3679402579606119
87.6390490077945,1.8939302188084222,0.3976126418197339
88.61271604150342,1.8939302188084222,0.35871045579386873
89.58638307521232,1.8939302188084222,0.33270126897072316
90.56005010892125,1.8939302188084222,0.33691730754192406
91.53371714263017,1.8939302188084222,0.36289080905429927
92.50738417633907,1.8939302188084222,0.3947371691111954
93.481051210048,1.8939302188084222,0.40927534619791217
94.4547182437569,1.8939302188084222,0.4007861678807618
95.42838527746582,1.8939302188084222,0.3767983908132564
96.40205231117473,1.8939302188084222,0.3680256861781537
97.37571934488365,1.8939302188084222,0.3771533208990405
98.34938637859256,1.8939302188084222,0.39105388337173963
99.32305341230148,1.8939302188084222,0.3919058733131351
100.2967204460104,1.8939302188084222,0.3789281984316233
101.2703874797193,1.8939302188084222,0.369687416701737
102.24405451342822,1.8939302188084222,0.3790038061497114
103.21772154713713,1.8939302188084222,0.39069487384222157
104.19138858084605,1.8939302188084222,0.3859651419910506
105.16505561455497,1.8939302188084222,0.3799240365700598
106.13872264826388,1.8939302188084222,0.3907576816088749
107.1123896819728,1.8939302188084222,0.40474982364656853
108.0860567156817,1.8939302188084222,0.4093483545008212
109.05972374939063,1.8939302188084222,0.3975233279003305
110.03339078309955,1.8939302188084222,0.37698695458459497
111.00705781680846,1.8939302188084222,0.3609961920215028
111.98072485051738,1.8939302188084222,0.35897954685549394
112.95439188422628,1.8939302188084222,0.3695837813918388
113.9280589179352,1.8939302188084222,0.38434380828175563
114.90172595164412,1.8939302188084222,0.3965456423929936
115.87539298535303,1.8939302188084222,0.40411534566260343
116.84906001906194,1.8939302188084222,0.4102013578030892
117.82272705277086,1.8939302188084222,0.4196103316296558
118.79639408647978,1.8939302188084222,0.4338407615853157
80.8233797718321,1.940690024140889,0.6612944461716097
81.79704680554102,1.940690024140889,0.6181920406233985
82.77071383924992,1.940690024140889,0.5848353633860484
83.74438087295884,1.940690024140889,0.5621935019798627
84.71804790666775,1.940690024140889,0.5230033776617233
85.69171494037667,1.940690024140889,0.43127972078747234
86.66538197408559,1.940690024140889,0.3738345970292585
87.6390490077945,1.940690024140889,0.39914755995638984
88.61271604150342,1.940690024140889,0.3603436526514514
89.58638307521232,1.940690024140889,0.3346563501602162
90.56005010892125,1.940690024140889,0.3390810017476582
91.53371714263017,1.940690024140889,0.3651472011160948
92.50738417633907,1.940690024140889,0.39725408614906144
93.481051210048,1.940690024140889,0.4125529875096916
94.4547182437569,1.940690024140889,0.4049227742087975
95.42838527746582,1.940690024140889,0.3812513590638389
96.40205231117473,1.940690024140889,0.37190077321078263
97.37571934488365,1.940690024140889,0.3802212413675079
98.34938637859256,1.940690024140889,0.3932662931636912
99.32305341230148,1.940690024140889,0.3936762732925416
100.2967204460104,1.940690024140889,0.3808245133923549
101.2703874797193,1.940690024140889,0.3721381319017496
102.24405451342822,1.940690024140889,0.38189268044169467
103.21772154713713,1.940690024140889,0.3942968407832268
104.19138858084605,1.940690024140889,0.39018059381578496
105.16505561455497,1.940690024140889,0.3836436191397752
106.13872264826388,1.940690024140889,0.3939426349137989
107.1123896819728,1.940690024140889,0.4075098545869764
108.0860567156817,1.940690024140889,0.41182890616312307
109.05972374939063,1.940690024140889,0.4000066234352744
110.03339078309955,1.940690024140889,0.37954165599592216
111.00705781680846,1.940690024140889,0.36353131897999447
111.98072485051738,1.940690024140889,0.36143413354761833
112.95439188422628,1.940690024140889,0.3719579782246001
113.9280589179352,1.940690024140889,0.3867084229775628
114.90172595164412,1.940690024140889,0.3990419107560683
115.87539298535303,1.940690024140889,0.40689264361230926
116.84906001906194,1.940690024140889,0.4133063519273037
117.82272705277086,1.940690024140889,0.4229529134438508
118.79639408647978,1.940690024140889,0.4372541177799576
